,0
0,<Minesweeper_Methods_Groups.Field object at 0x000001E9B9E12CF0>
1,<Minesweeper_Methods_Groups.Field object at 0x000001E9DB7DC0E0>
2,<Minesweeper_Methods_Groups.Field object at 0x000001E9DB7DC260>
3,<Minesweeper_Methods_Groups.Field object at 0x000001E9DB7DC290>
4,<Minesweeper_Methods_Groups.Field object at 0x000001E9DB7DC2C0>
5,<Minesweeper_Methods_Groups.Field object at 0x000001E9DB7DC2F0>
6,<Minesweeper_Methods_Groups.Field object at 0x000001E9DB7DC320>
7,<Minesweeper_Methods_Groups.Field object at 0x000001E9DB7DC350>
8,<Minesweeper_Methods_Groups.Field object at 0x000001E9DB7DC380>
9,<Minesweeper_Methods_Groups.Field object at 0x000001E9DB7DC3E0>
10,<Minesweeper_Methods_Groups.Field object at 0x000001E9DB7DC440>
11,<Minesweeper_Methods_Groups.Field object at 0x000001E9DB7DC470>
12,<Minesweeper_Methods_Groups.Field object at 0x000001E9DB7DC4A0>
13,<Minesweeper_Methods_Groups.Field object at 0x000001E9DB7DC4D0>
14,<Minesweeper_Methods_Groups.Field object at 0x000001E9DB7DC500>
15,<Minesweeper_Methods_Groups.Field object at 0x000001E9DB7DC530>
16,<Minesweeper_Methods_Groups.Field object at 0x000001E9DB7DC560>
17,<Minesweeper_Methods_Groups.Field object at 0x000001E9DB7DC590>
18,<Minesweeper_Methods_Groups.Field object at 0x000001E9DB7DC5C0>
19,<Minesweeper_Methods_Groups.Field object at 0x000001E9DB7DC5F0>
20,<Minesweeper_Methods_Groups.Field object at 0x000001E9DB7DC620>
21,<Minesweeper_Methods_Groups.Field object at 0x000001E9DB7DC650>
22,<Minesweeper_Methods_Groups.Field object at 0x000001E9DB7DC680>
23,<Minesweeper_Methods_Groups.Field object at 0x000001E9DB7DC6B0>
24,<Minesweeper_Methods_Groups.Field object at 0x000001E9DB7DC6E0>
25,<Minesweeper_Methods_Groups.Field object at 0x000001E9DB7DC710>
26,<Minesweeper_Methods_Groups.Field object at 0x000001E9DB7DC740>
27,<Minesweeper_Methods_Groups.Field object at 0x000001E9DB7DC770>
28,<Minesweeper_Methods_Groups.Field object at 0x000001E9DB7DC7A0>
29,<Minesweeper_Methods_Groups.Field object at 0x000001E9DB7DC7D0>
30,<Minesweeper_Methods_Groups.Field object at 0x000001E9DB7DC800>
31,<Minesweeper_Methods_Groups.Field object at 0x000001E9DB7DC830>
32,<Minesweeper_Methods_Groups.Field object at 0x000001E9DB7DC860>
33,<Minesweeper_Methods_Groups.Field object at 0x000001E9DB7DC890>
34,<Minesweeper_Methods_Groups.Field object at 0x000001E9DB7DC8C0>
35,<Minesweeper_Methods_Groups.Field object at 0x000001E9DB7DC8F0>
36,<Minesweeper_Methods_Groups.Field object at 0x000001E9DB7DC920>
37,<Minesweeper_Methods_Groups.Field object at 0x000001E9DB7DC950>
38,<Minesweeper_Methods_Groups.Field object at 0x000001E9DB7DC980>
39,<Minesweeper_Methods_Groups.Field object at 0x000001E9DB7DC9B0>
40,<Minesweeper_Methods_Groups.Field object at 0x000001E9DB7DC9E0>
41,<Minesweeper_Methods_Groups.Field object at 0x000001E9DB7DCA10>
42,<Minesweeper_Methods_Groups.Field object at 0x000001E9DB7DCA40>
43,<Minesweeper_Methods_Groups.Field object at 0x000001E9DB7DCA70>
44,<Minesweeper_Methods_Groups.Field object at 0x000001E9DB7DCAA0>
45,<Minesweeper_Methods_Groups.Field object at 0x000001E9DB7DCAD0>
46,<Minesweeper_Methods_Groups.Field object at 0x000001E9DB7DCB00>
47,<Minesweeper_Methods_Groups.Field object at 0x000001E9DB7DCB30>
48,<Minesweeper_Methods_Groups.Field object at 0x000001E9DB7DCB60>
49,<Minesweeper_Methods_Groups.Field object at 0x000001E9DB7DCB90>
50,<Minesweeper_Methods_Groups.Field object at 0x000001E9DB7DCBC0>
51,<Minesweeper_Methods_Groups.Field object at 0x000001E9DB7DCBF0>
52,<Minesweeper_Methods_Groups.Field object at 0x000001E9DB7DCC20>
53,<Minesweeper_Methods_Groups.Field object at 0x000001E9DB7DCC50>
54,<Minesweeper_Methods_Groups.Field object at 0x000001E9DB7DCC80>
55,<Minesweeper_Methods_Groups.Field object at 0x000001E9DB7DCCB0>
56,<Minesweeper_Methods_Groups.Field object at 0x000001E9DB7DCCE0>
57,<Minesweeper_Methods_Groups.Field object at 0x000001E9DB7DCD10>
58,<Minesweeper_Methods_Groups.Field object at 0x000001E9DB7DCD40>
59,<Minesweeper_Methods_Groups.Field object at 0x000001E9DB7DCD70>
60,<Minesweeper_Methods_Groups.Field object at 0x000001E9DB7DCDA0>
61,<Minesweeper_Methods_Groups.Field object at 0x000001E9DB7DCDD0>
62,<Minesweeper_Methods_Groups.Field object at 0x000001E9DB7DCE00>
63,<Minesweeper_Methods_Groups.Field object at 0x000001E9DB7DCE30>
64,<Minesweeper_Methods_Groups.Field object at 0x000001E9DB7DCE60>
65,<Minesweeper_Methods_Groups.Field object at 0x000001E9DB7DCE90>
66,<Minesweeper_Methods_Groups.Field object at 0x000001E9DB7DCEC0>
67,<Minesweeper_Methods_Groups.Field object at 0x000001E9DB7DCEF0>
68,<Minesweeper_Methods_Groups.Field object at 0x000001E9DB7DCF20>
69,<Minesweeper_Methods_Groups.Field object at 0x000001E9DB7DCF50>
70,<Minesweeper_Methods_Groups.Field object at 0x000001E9DB7DCF80>
71,<Minesweeper_Methods_Groups.Field object at 0x000001E9DB7DCFB0>
72,<Minesweeper_Methods_Groups.Field object at 0x000001E9DB7DCFE0>
73,<Minesweeper_Methods_Groups.Field object at 0x000001E9DB7DD010>
74,<Minesweeper_Methods_Groups.Field object at 0x000001E9DB7DD040>
75,<Minesweeper_Methods_Groups.Field object at 0x000001E9DB7DD070>
76,<Minesweeper_Methods_Groups.Field object at 0x000001E9DB7DD0A0>
77,<Minesweeper_Methods_Groups.Field object at 0x000001E9DB7DD0D0>
78,<Minesweeper_Methods_Groups.Field object at 0x000001E9DB7DD100>
79,<Minesweeper_Methods_Groups.Field object at 0x000001E9DB7DD130>
80,<Minesweeper_Methods_Groups.Field object at 0x000001E9DB7DD160>
81,<Minesweeper_Methods_Groups.Field object at 0x000001E9DB7DD190>
82,<Minesweeper_Methods_Groups.Field object at 0x000001E9DB7DD1C0>
83,<Minesweeper_Methods_Groups.Field object at 0x000001E9DB7DD1F0>
84,<Minesweeper_Methods_Groups.Field object at 0x000001E9DB7DD220>
85,<Minesweeper_Methods_Groups.Field object at 0x000001E9DB7DD250>
86,<Minesweeper_Methods_Groups.Field object at 0x000001E9DB7DD280>
87,<Minesweeper_Methods_Groups.Field object at 0x000001E9DB7DD2B0>
88,<Minesweeper_Methods_Groups.Field object at 0x000001E9DB7DD2E0>
89,<Minesweeper_Methods_Groups.Field object at 0x000001E9DB7DD310>
90,<Minesweeper_Methods_Groups.Field object at 0x000001E9DB7DD340>
91,<Minesweeper_Methods_Groups.Field object at 0x000001E9DB7DD370>
92,<Minesweeper_Methods_Groups.Field object at 0x000001E9DB7DD3A0>
93,<Minesweeper_Methods_Groups.Field object at 0x000001E9DB7DD3D0>
94,<Minesweeper_Methods_Groups.Field object at 0x000001E9DB7DD400>
95,<Minesweeper_Methods_Groups.Field object at 0x000001E9DB7DD430>
96,<Minesweeper_Methods_Groups.Field object at 0x000001E9DB7DD460>
97,<Minesweeper_Methods_Groups.Field object at 0x000001E9DB7DD490>
98,<Minesweeper_Methods_Groups.Field object at 0x000001E9DB7DD4C0>
99,<Minesweeper_Methods_Groups.Field object at 0x000001E9DB7DD4F0>
